{
  "version": 1,
  "author": "ANANDA SETIAWATI ABIDIN",
  "editor": "wokwi",
  "parts": [
    { "type": "board-esp32-devkit-c-v4", "id": "esp", "top": -19.2, "left": -196.76, "attrs": {} },
    { "type": "wokwi-led", "id": "led1", "top": -13.2, "left": 32.6, "attrs": { "color": "red" } },
    {
      "type": "wokwi-led",
      "id": "led2",
      "top": -13.2,
      "left": 119,
      "attrs": { "color": "yellow" }
    },
    {
      "type": "wokwi-led",
      "id": "led3",
      "top": -13.2,
      "left": 186.2,
      "attrs": { "color": "green" }
    },
    {
      "type": "wokwi-resistor",
      "id": "r1",
      "top": 62.4,
      "left": 28.25,
      "rotate": 90,
      "attrs": { "value": "1000" }
    },
    {
      "type": "wokwi-resistor",
      "id": "r2",
      "top": 62.4,
      "left": 114.65,
      "rotate": 90,
      "attrs": { "value": "1000" }
    },
    {
      "type": "wokwi-resistor",
      "id": "r3",
      "top": 62.4,
      "left": 181.85,
      "rotate": 90,
      "attrs": { "value": "1000" }
    }
  ],
  "connections": [
    [ "esp:TX", "$serialMonitor:RX", "", [] ],
    [ "esp:RX", "$serialMonitor:TX", "", [] ],
    [ "esp:GND.2", "led1:C", "black", [ "v0", "h48", "v28.8" ] ],
    [ "led1:C", "led2:C", "black", [ "v0" ] ],
    [ "led2:C", "led3:C", "black", [ "v0" ] ],
    [ "led2:A", "r2:1", "gold", [ "v0" ] ],
    [ "r2:2", "esp:19", "gold", [ "v37.2", "h-211.2", "v-57.6" ] ],
    [ "led3:A", "r3:1", "green", [ "v0" ] ],
    [ "led1:A", "r1:1", "red", [ "v0" ] ],
    [ "r1:2", "esp:21", "red", [ "h-86.4", "v-30" ] ],
    [ "r3:2", "esp:18", "green", [ "h0", "v66", "h-259.2", "v-76.8" ] ]
  ],
  "dependencies": {}
}